date,source,author,title,description,url,publishedAt,content
2025-07-13,Tistory.com,T.B,트럼프 11.5 대선에서 복귀시킨 민주당 암 덩어리들 누구?,"After US President Donald Trump suddenly threatened a 50% tariff on copper, the reaction from markets was predictably strong, leaving metal distributors scrambling to get deliveries across the border.@JoeDeaux joins @svaneksmith and @chafkin on the Everybody'…",https://ryueyes11.tistory.com/511723,2025-07-13T02:18:32Z,"After US President Donald Trump suddenly threatened a 50% tariff on copper, the reaction from markets was predictably strong, leaving metal distributors scrambling to get deliveries across the border… [+1173 chars]"
2025-07-13,Notebookcheck.net,Rahim Amir Noorali,PlayStation skips Ghost of Yotei plates for OG PS5 console owners,The release caters to the PS5 Slim and the Pro SKUs but does not offer a solution for gamers with an older PlayStation 5 console.,https://www.notebookcheck.net/PlayStation-skips-Ghost-of-Yotei-plates-for-OG-PS5-console-owners.1057043.0.html,2025-07-13T02:03:00Z,"PlayStations recent reveal of Ghost of Yoteis limited run console plates has garnered not only a lot of hype but also a bit of ire, especially if youre one of the many people who own the original lau… [+1742 chars]"
2025-07-13,ComicBook.com,Marcus Helminiak,Darkseid’s Plan for the Absolute Universe Revolves Around Superman (But Will it Work?),"The Absolute Universe was created by Darkseid after forcibly fusing with the Spectre, where the God of Evil’s death allowed his energy of despair to infect the then blank slate Earth-Alpha. Ever since its inception, the Absolute Universe has promised that thi…",http://comicbook.com/comics/news/superman-turning-evil-darkseid-plan-absolute-universe/,2025-07-13T01:58:58Z,"The Absolute Universe was created by Darkseid after forcibly fusing with the Spectre, where the God of Evils death allowed his energy of despair to infect the then blank slate Earth-Alpha. Ever since… [+4373 chars]"
2025-07-13,Notebookcheck.net,Rahim Amir Noorali,"ASUS showcases a $500,000 RTX 5090 ROG Astral GPU in China with 5kg of gold","ASUS's latest RTX 5090 GPU is not one you can just buy, or even lift off a shelf with ease.",https://www.notebookcheck.net/ASUS-showcases-a-500-000-RTX-5090-ROG-Astral-GPU-in-China-with-5kg-of-gold.1057042.0.html,2025-07-13T01:50:00Z,"For those not aware of price gouging and scaling that continues to plague the RTX 5090, ASUSs latest hardware showcase might just sound like a poorly planned April Fools joke.
Sadly for those of us … [+1755 chars]"
2025-07-13,Bleeding Cool News,Ray Flook,Saturday Night Live Takes On The Man of Steel: SNL/Superman Sketches,"When it comes to the Man of Steel and NBC's long-running late-night live sketch comedy and music series, Superman and Saturday Night Live have had a long-running (and pretty damn funny) relationship. Over the course of SNL's run, everyone from Dan Aykroyd, Bi…",https://bleedingcool.com/tv/saturday-night-live-takes-on-the-man-of-steel-snl-superman-sketches/,2025-07-13T01:37:04Z,"Posted in: Movies, NBC, Peacock, TV | Tagged: saturday night live, snl, superman
A look back at some Superman-themed SNL sketches from the past, with Bill Murray, John Mulaney, Christopher Reeve, Ma… [+3542 chars]"
2025-07-13,Page Six,Audrey Rock,Jennifer Lopez bares her abs in fashionable crop top after debuting Ben Affleck revenge song,"The singer showed off the look in Malaga, Spain, where she's performing for her Up All Night Tour.",https://pagesix.com/2025/07/12/style/jennifer-lopez-rocks-crop-top-after-debuting-ben-affleck-revenge-song/,2025-07-13T01:21:35Z,"Jennifer Lopez stepped out in a skin-baring crop top after debuting her apparent Ben Affleck revenge song, “Wreckage of You.”
In photos obtained by Page Six Saturday, the pop icon donned the crisp w… [+3775 chars]"
2025-07-13,Yahoo Entertainment,Adrian Volenik,The Six-Figure Salary Was Once A Finish Line. Now It Feels Like The Starting Point For Basic Adulthood,"For years, hitting a six-figure salary was considered a major milestone, a sign that you had officially “made it.” But in 2025, that benchmark doesn’t mean...",https://finance.yahoo.com/news/six-figure-salary-once-finish-010032821.html,2025-07-13T01:00:32Z,"For years, hitting a six-figure salary was considered a major milestone, a sign that you had officially made it. But in 2025, that benchmark doesnt mean what it used to. A widely shared post on X cit… [+4137 chars]"
2025-07-13,Forbes,"Alfred Konuwa, Contributor, 
 Alfred Konuwa, Contributor
 https://www.forbes.com/sites/alfredkonuwa/","AEW All In Texas 2025 Results, Winners And Grades On July 12","AEW All In Texas 2025 results, winners and grades on July 12 as Hangman Adam Page challenges Jon Moxley for the AEW World Heavyweight Championship.",https://www.forbes.com/sites/alfredkonuwa/2025/07/12/aew-all-in-texas-2025-results-winners-and-grades-on-july-12/,2025-07-13T00:56:07Z,"Jon Moxley vs. Adam Page in a Texas Death Match. 
AEW
AEW All In Texas advertised AEWs biggest show of the year with seven of AEW infinite titles on the line. Toni Storm puts her AEW Womens World C… [+12678 chars]"
2025-07-13,Memeorandum.com,,xAI issues lengthy apology for violent and antisemitic Grok social media posts (Hadas Gold/CNN),"Hadas Gold / CNN:
xAI issues lengthy apology for violent and antisemitic Grok social media posts  —  Elon Musk's artificial intelligence company xAI issued a lengthy apology Saturday for a series of violent and antisemitic posts from its Grok chatbot this wee…",https://www.memeorandum.com/250712/p58,2025-07-13T00:55:01Z,"memeorandum is an auto-generated summary of the stories that US political commentators are discussing online right now.
Unlike sister sites Techmeme and Mediagazer, it is not a human-edited news out… [+72 chars]"
2025-07-13,Sporting News,Aaliyan Mohammed,Aaron Judge shatters Mark McGwire's MLB record during Yankees loss,"The New York Yankees lost 5-2 to the Chicago Cubs on Saturday. Despite the loss, Aaron Judge made some history in the ninth inning of the contest.",https://www.sportingnews.com/us/mlb/new-york-yankees/news/aaron-judge-shatters-mark-mcgwire-mlb-record-during-yankees-loss/f87c006b01114c5c8338fa9e,2025-07-13T00:31:43Z,"The New York Yankees lost 5-2 to the Chicago Cubs on Saturday. Despite the loss, Aaron Judge made some history in the ninth inning of the contest.
Judge hit a two-run home run with one out in the bo… [+1238 chars]"
2025-07-13,Yahoo Entertainment,OneFootball, Messi strike narrows Golden Boot race as Inter Miami take the lead,It would not be an MLS weekend without a bit of magic from Lionel Messi as Inter Miami jumped to a 1-0 lead over visiting Nashville in South Florida. With the Herons looking to extend their current wi...,https://sports.yahoo.com/article/messi-strike-narrows-golden-boot-002800447.html,2025-07-13T00:28:00Z,"It would not be an MLS weekend without a bit of magic from Lionel Messi as Inter Miami jumped to a 1-0 lead over visiting Nashville in South Florida.
With the Herons looking to extend their current … [+705 chars]"
2025-07-13,Cointelegraph,Cointelegraph by Ciaran Lyons,"Schiff says sell Bitcoin for silver as $258K target looms: Hodler’s Digest, July 6 – 12","Longtime Bitcoin critic and gold advocate Peter Schiff claims BTC may be a selling opportunity to buy silver. Meanwhile, high-leverage crypto trader James Wynn appears to have deactivated his X account, and other news.",https://cointelegraph.com/news/bitcoin-price-peter-schiff-bitcoin-silver,2025-07-13T00:06:34Z,"Top Stories of The Week
Grayscale calls out SEC delay of Digital Large Cap Fund ETF listing
Attorneys for digital asset manager Grayscale pushed back against the US Securities and Exchange Commissi… [+9663 chars]"
2025-07-13,Thoughtcatalog.com,Trisha Bartle,The 3 Best Rom Com Couples Of All Time (And 3 That Just Plain Suck),Couple goals? Maybe not.,https://thoughtcatalog.com/trisha-bartle/2025/07/the-3-best-rom-com-couples-of-all-time-and-3-that-just-plain-suck/,2025-07-13T00:00:00Z,"Romantic comedies are all about selling you the package deal of instant soulmates and hilarious misunderstandings.
They’re the ideal that we’re all looking for, right? The measuring stick we use whe… [+6188 chars]"
2025-07-12,SoyaCincau.com,Alexander Wong,Huawei Pura 80 launching in Malaysia on 24 July with freebies worth up to RM1428,"The Huawei Pura 80 series is coming to Malaysia next week, a month after its official debut in China last month. The latest Huawei flagship smartphones are set to launch in Malaysia on 24th July 2025 and Malaysian consumers can enjoy extra freebies and benefi…",https://soyacincau.com/2025/07/13/huawei-pura-80-malaysia-launch-promo-freebies-deposit/,2025-07-12T23:31:27Z,"The Huawei Pura 80 series is coming to Malaysia next week, a month after its official debut in China last month. The latest Huawei flagship smartphones are set to launch in Malaysia on 24th July 2025… [+2239 chars]"
2025-07-12,MLB Trade Rumors,Nick Deeds,Multiple Teams Showing Interest In DJ LeMahieu,"It’s been just two days since the Yankees officially released veteran infielder DJ LeMahieu, but that hasn’t stopped him from attempting to get back onto the field. Jon Morosi of MLB Network reported earlier today that LeMahieu was looking to sign with a team…",https://www.mlbtraderumors.com/2025/07/multiple-teams-showing-interest-in-dj-lemahieu.html,2025-07-12T23:31:12Z,"It’s been just two days since the Yankees officially released veteran infielder DJ LeMahieu, but that hasn’t stopped him from attempting to get back onto the field. Jon Morosi of MLB Network reported… [+3593 chars]"
2025-07-12,CBS Sports,Will Backus,"Where to watch 2025 MLB Celebrity All-Star Softball Game: Start time, rosters, TV channel, date",The 2025 MLB Celebrity All-Star Softball Game has a distinct Atlanta flavor this year,https://www.cbssports.com/mlb/news/where-to-watch-2025-mlb-celebrity-all-star-softball-game-start-time-rosters-tv-channel-date/,2025-07-12T23:24:28Z,"The 2025 MLB All-Star Game heads to Atlanta on July 15, bringing with it some of the top baseball talent in the world. But before the sport's giants face off in the annual contest pitting the America… [+2728 chars]"
2025-07-12,The Punch,Tofarati Ige,Mixed reactions as Bill Gates turned content creator in Lagos,"The recent appearance of tech tycoon and a one-time richest man in the world, Bill Gates, in a Nigerian social media skit has continued to set tongues wagging. Social media users were virtually transported to the bustling heart of Lagos, where a music studio …",https://punchng.com/mixed-reactions-as-bill-gates-turned-content-creator-in-lagos/,2025-07-12T23:18:01Z,"The recent appearance of tech tycoon and a one-time richest man in the world, Bill Gates, in a Nigerian social media skit has continued to set tongues wagging.
Social media users were virtually tran… [+2514 chars]"
2025-07-12,ComicBook.com,Matthew Aguilar,AEW’s Adam Cole Addresses Health Issues in Emotional Promo at All In (And a New Champion Is Crowned),"AEW’s All In was supposed to feature a TNT Championship match between Adam Cole and Kyle Fletcher, but unfortunately, that didn’t end up being possible. As fans learned during the pay-per-view, the match was changed from a one-on-one Title defense to a 4-Way …",http://comicbook.com/tv-shows/news/aew-adam-cole-addresses-health-issues-emotional-promo-all-in-new-champion-crowned/,2025-07-12T23:08:05Z,"AEW’s All In was supposed to feature a TNT Championship match between Adam Cole and Kyle Fletcher, but unfortunately, that didn’t end up being possible. As fans learned during the pay-per-view, the m… [+3343 chars]"
2025-07-12,Thurrott.com,Paul Thurrott,"Tech Nostalgia: Commodore is Back, and so is the C64!","Commodore announced its first new computer in over 30 years, the Commodore 64 Ultimate. You can pre-order it now, with pricing starting at $299.
The post Tech Nostalgia: Commodore is Back, and so is the C64! appeared first on Thurrott.com.",https://www.thurrott.com/classic-technology/323274/tech-nostalgia-commodore-is-back-and-so-is-the-c64,2025-07-12T23:07:39Z,"Two weeks ago, a YouTuber announced that he had acquired Commodore. Today, Commodore announced its first new computer in over 30 years, the Commodore 64 Ultimate. You can pre-order it now, with prici… [+3995 chars]"
2025-07-12,Yahoo Entertainment,David Okoya,How Drake's Feud With Kendrick Lamar Has Benefited Bitcoin,Bitcoin may be an unlikely winner in the beef between rap stars Drake and Kendrick Lamar. In the drawn-out lyrical fisticuff that has attracted billions of...,https://finance.yahoo.com/news/drakes-feud-kendrick-lamar-benefited-230125326.html,2025-07-12T23:01:25Z,"Benzinga and Yahoo Finance LLC may earn commission or revenue on some items through the links below.
Bitcoin may be an unlikely winner in the beef between rap stars Drake and Kendrick Lamar.
In the… [+2400 chars]"
2025-07-12,Thoughtcatalog.com,Nico Lang,40 ‘Mean Girls’ Quotes That’ll Finally Make ‘Fetch’ Happen,"""She doesn't even go here.""",https://thoughtcatalog.com/nico-lang/2025/07/40-mean-girls-quotes-thatll-finally-make-fetch-happen/,2025-07-12T23:00:00Z,"Quoting Mean Girls isnt just a sport.
Its a national pastime. Mean Girls is how we make sense of the world, giving the chaos of the universe a recognizable template by which to understand it. More t… [+4826 chars]"
2025-07-12,Ozbargain.com.au,sckill2712,[Prime] Lexar Professional Gold MicroSDXC Card UHS-II 256GB V60 $47.64 Delivered @ Amazon US via AU,Cheapest V60 card that I have ever seen on amazon. 128GB V60 card usually costs more than this. Not sure about the quality though as I have never used Lexar before.,https://www.ozbargain.com.au/node/915338,2025-07-12T22:53:47Z,"All trademarks are owned by their respective owners.OzBargain is an independent community website which has no association with nor endorsement by the respective trademark owners.
Copyright © 2006-2… [+32 chars]"
2025-07-12,Yugatech.com,Anton Gabriel,TechLife Pad Lite 8″ Now Available in the Philippines,"TechLife has launched the Pad Lite 8″ tablet in the Philippines, offering a compact, LTE-ready device at a budget-friendly price. It’s now available for just ₱4,999. TechLife Pad Lite 8″ Specs: Available in Champagne Gold and Lilac Purple Shopee (launch promo…",https://www.yugatech.com/news/techlife-pad-lite-8″-now-available-in-the-philippines/,2025-07-12T22:51:12Z,"TechLife has launched the Pad Lite 8 tablet in the Philippines, offering a compact, LTE-ready device at a budget-friendly price. Its now available for just 4,999.
TechLife Pad Lite 8 Specs:
<ul><li… [+448 chars]"
2025-07-12,Marca,marca.com,The Pittsburgh Steelers are exploring backup options in case a T.J. Watt trade becomes a reality.,"T.J. Watt continues to be the heart of the Pittsburgh Steelers&apos; defense, delivering dominant performances that not only anchor the squad but consistently shift the momentum in",https://www.marca.com/en/nfl/pittsburgh-steelers/2025/07/13/6872dde5268e3e553f8b45aa.html,2025-07-12T22:13:12Z,"T.J. Wattcontinues to be the heart of the Pittsburgh Steelers'defense, delivering dominant performances that not only anchor the squad but consistently shift the momentum in their favor. However, rec… [+2798 chars]"
2025-07-12,USA Today,Phillip Jordan,Auburn basketball set to host five-star guard Caleb Holt for visit,One of the top high school basketball players will visit the Tigers soon.,https://auburnwire.usatoday.com/story/sports/college/auburn/recruiting/2025/07/12/auburn-basketball-recruiting-caleb-holt-schedules-visit/84813710007/,2025-07-12T21:55:06Z,"<ul><li>Five-star shooting guard Caleb Holt, the No. 6 player in the 2026 class, will officially visit Auburn, Alabama, and Kentucky.</li><li>Holt, a 6-foot-5 guard, recently transferred to Prolific … [+2165 chars]"
2025-07-12,Debian.org,The Debian Publicity Team,Debconf25 welcomes its sponsors,"DebConf25, the 26th edition of the Debian
conference is taking place in Brest Campus of
IMT Atlantique Bretagne-Pays de la Loire,
France. We appreciate the organizers for their hard work, and hope this event
will be highly beneficial for those who attend in p…",https://bits.debian.org/2025/07/debconf25-welcomes-sponsors.html,2025-07-12T21:45:00Z,"DebConf25, the 26th edition of the Debian
conference is taking place in Brest Campus of
IMT Atlantique Bretagne-Pays de la Loire,
France. We appreciate the organizers for their hard work, and hope… [+3421 chars]"
2025-07-12,disneyfoodblog.com,Jordan-Paige Sudduth,A DISCOUNT on Disney Beignets? Yep – It’s REAL!,"Don't miss this NEW deal at this Downtown Disneyland restaurant!
The post A DISCOUNT on Disney Beignets? Yep – It’s REAL! first appeared on the disney food blog.",https://www.disneyfoodblog.com/2025/07/12/a-discount-on-disney-beignets-yep-its-real/,2025-07-12T21:38:49Z,"We’re always looking for ways to save money on Disney vacations, merchandise, food, and more. Hey, Disney’s expensive — we’re doing all we can to make it less so!
Downtown Disney Anaheim
If you’re … [+1782 chars]"
2025-07-12,Acecomments.mu.nu,Open Blogger,"Hobby Thread - July 12, 2025 [TRex]","Welcome hobbyists! Pull up a chair and sit a spell with the Horde in this little corner of the interweb. This is the mighty, mighty officially sanctioned Ace of Spades Hobby Thread. We gave the Ace of Spades Wheel...",https://acecomments.mu.nu/?post=415619,2025-07-12T21:30:00Z,"<table><tr><td></td></tr><tr><td>
</td><td>Hobby Thread - July 12, 2025 [TRex]
Welcome hobbyists! Pull up a chair and sit a spell with the Horde in this little corner of the interweb. This is the m… [+7440 chars]"
2025-07-12,Richmond.com,Associated Press,Trump says he's considering 'taking away' Rosie O'Donnell's US citizenship,She was born in the United States and the Fourteen Amendment of the Constitution prevents the government from taking away citizenship.,https://richmond.com/news/nation-world/government-politics/article_aa62e9c6-bea8-5d09-abf5-ce9875fc37db.html,2025-07-12T21:30:00Z,"WASHINGTON President Donald Trump said he is considering ""taking away"" the U.S. citizenship of a longtime rival, actor and comedian Rosie O'Donnell, despite a decades-old Supreme Court ruling that ex… [+50417 chars]"
2025-07-12,WWD,Maggie Clancy,Nicky Hilton Rothschild Trades Maximalism for Sculpted Ease in Brunello Cucinelli City Heels at Wimbledon,"Nicky Hilton brought sculpted minimalism to Wimbledon in Brunello Cucinelli’s city heel, marking a shift from her recent surrealist footwear moments.",http://wwd.com/footwear-news/shoe-trends/nicky-hilton-brunello-cucinelli-heels-wimbledon-1237979129/,2025-07-12T21:29:46Z,"After back-to-back appearances in statement footwear, Nicky Hilton Rothschild shifted gears at Wimbledon — this time opting for sculpted restraint in over surrealist scale.
On Saturday, the designer… [+1673 chars]"
2025-07-12,CryptoSlate,Christina Comben,Novogratz calls out Schiff’s decade-long Bitcoin blunders,"When Bitcoin skeptic Peter Schiff started yet another rant about Bitcoin today, it was too much for Galaxy CEO Mike Novogratz. As a salty Schiff began calling Bitcoin’s capped supply “meaningless” and “arbitrary,” Novogratz fired back: “Why do you hate $BTC s…",https://cryptoslate.com/novogratz-calls-out-schiffs-decade-long-bitcoin-blunders/,2025-07-12T21:12:33Z,"When Bitcoin skeptic Peter Schiff started yet another rant about Bitcoin today, it was too much for Galaxy CEO Mike Novogratz. As a salty Schiff began calling Bitcoins capped supply meaningless and a… [+3498 chars]"
2025-07-12,Forbes,"Asif Burhan, Contributor, 
 Asif Burhan, Contributor
 https://www.forbes.com/sites/asifburhan/",Sweden Inflict Germany’s Heaviest Tournament Defeat In 34 Years At UEFA Women’s Euro,"Sweden laid down a significant marker in their quest to win a first major title in four decades, defeating eight-time European champions Germany at the UEFA Women’s Euro.",https://www.forbes.com/sites/asifburhan/2025/07/12/sweden-inflict-germanys-heaviest-tournament-defeat-in-34-years-at-uefa-womens-euro/,2025-07-12T21:05:48Z,"Zurich, Switzerland - July 12: Fridolina Rolfoe of Sweden celebrates after scoring her team's third ... More goal with teammates during the UEFA Womens EURO 2025 Group C match between Sweden and Germ… [+3947 chars]"
2025-07-12,Benzinga,Adrian Volenik,Dave Ramsey Caller Says Her 80-Year-Old Mother-In-Law Is A Serial Cheater Who's Given Away Almost $1M To Internet Scammers,,https://www.benzinga.com/personal-finance/management/25/07/46382268/dave-ramsey-caller-says-her-80-year-old-mother-in-law-is-a-serial-cheater-whos-given-away-almost-1m-to-internet-scammers,2025-07-12T21:01:42Z,"A woman who called into The Ramsey Show recently shared a shocking story about her in-laws, saying her 80-something-year-old mother-in-law had drained nearly $750,000 from a retirement account and gi… [+3235 chars]"
2025-07-12,Motley Fool Australia,James Mickleboro,"Buy these fantastic ASX 200 blue chips with $10,000","Analysts think these top stocks are buys right now.
The post Buy these fantastic ASX 200 blue chips with $10,000 appeared first on The Motley Fool Australia.",https://www.fool.com.au/2025/07/13/buy-these-fantastic-asx-200-blue-chips-with-10000/,2025-07-12T20:46:00Z,"Having a few blue chip ASX 200 shares in a portfolio can be a great foundation to build from.
But which blue chips could be top picks for a $10,000 investment right now?
Let's take a look at three … [+2450 chars]"
2025-07-12,Frequentmiler.com,Nick Reyes,Business Platinum pay with points rebate may be posting more quickly,"One feature that is specific to the American Express Business Platinum card (which does not exist on the consumer version) is a pay-with-points rebate. When using points to pay for airfare on the airline you have chosen for your airline incidental fee rebate,…",https://frequentmiler.com/business-platinum-pay-with-points-rebate-may-be-posting-more-quickly/,2025-07-12T20:45:52Z,One feature that is specific to the American Express Business Platinum card (which does not exist on the consumer version) is a pay-with-points rebate. When using points to pay for airfare on the air… [+2313 chars]
2025-07-12,Sporting News,Matt Sullivan,Padres targeting $73 million All-Star catcher at MLB trade deadline,The San Diego Padres are targeting a $73 million All-Star catcher at the MLB trade deadline.,https://www.sportingnews.com/us/mlb/san-diego-padres/news/padres-targeting-73-million-all-star-catcher-trade-deadline/f6b10906e92c1a44ade8186d,2025-07-12T20:28:57Z,"The San Diego Padres need a left fielder, but there's another position on the roster that is arguably just as, if not more dire, of a need. With the struggles of Martin Maldanado and Elias Diaz behin… [+2701 chars]"
2025-07-12,Sporting News,Graham Baakko,Guardians predicted to replace Lane Thomas with ACC star,The three-time All-ACC selection could give Cleveland a lot of offense.,https://www.sportingnews.com/us/mlb/cleveland-guardians/news/guardians-predicted-replace-lane-thomas-acc-star/11655db5e8f8c3210d59add7,2025-07-12T20:26:28Z,"The 2025 MLB Draft begins tomorrow evening. All 30 front offices are looking for the franchises future stars that will help their teams take the next step, or in the case of top teams, stay at the to… [+1286 chars]"
2025-07-12,Forbes,"Ian Nicholas Quillen, Contributor, 
 Ian Nicholas Quillen, Contributor
 https://www.forbes.com/sites/ianquillen/",Why USMNT’s Patrick Agyemang May Prove An $8 Million Bargain,"The Derby County-bound striker's critics focus on untapped potential that leaps off the screen, but ignores tangible production and growth potential.",https://www.forbes.com/sites/ianquillen/2025/07/12/why-usmnts-patrick-agyemang-may-prove-an-8-million-bargain/,2025-07-12T20:15:53Z,"Patrick Agyemang of the United States celebrates after scoring the second goal during first half of ... More an international friendly between United States and Venezuela back in January.
Getty Imag… [+5250 chars]"
2025-07-12,Biztoc.com,barchart.com,Gold's Bull Run: Seasonal Strength Meets Conflicting COT Report—Are You In?,,https://biztoc.com/x/1de691e63576ab52,2025-07-12T20:01:14Z,"{ window.open(this.href, '_blank'); }, 200); return false;""&gt;Why did Trump impose 30% tariffs on EU and Mexico? { window.open(this.href, '_blank'); }, 200); return false;""&gt;How are Trump's tariff… [+787 chars]"
2025-07-12,Bringatrailer.com,bringatrailer,5k-Mile 2012 Ford Mustang Shelby GT500 Super Snake Widebody Coupe,"This 2012 Ford Mustang Shelby GT500 coupe was acquired by the seller in 2013 and subsequently modified by Shelby American with their 50th Anniversary Super Snake package. Widened fenders were installed, and the 5.4-liter V8 received a 3.6-liter Kenne Bell sup…",https://bringatrailer.com/listing/2012-ford-mustang-shelby-gt500-coupe-21/,2025-07-12T20:00:24Z,This 2012 Ford Mustang Shelby GT500 coupe was acquired by the seller in 2013 and subsequently modified by Shelby American with their 50th Anniversary Super Snake package. Widened fenders were install… [+2710 chars]
2025-07-12,Sporting News,Matt Sullivan,"Cardinals linked to All-Star, Gold Glove catcher in strange deadline move",The St. Louis Cardinals could look to add an All-Star and Gold Glove catcher at the trade deadline.,https://www.sportingnews.com/us/mlb/st-louis-cardinals/news/cardinals-linked-all-star-gold-glove-catcher-strange-move/a997d07b0c05404190100212,2025-07-12T19:54:38Z,"For the St. Louis Cardinals, an MLB trade deadline move should be made with the future in mind. The offense is one of the youngest in the sport, and with a lot of intriguing prospects making their wa… [+2371 chars]"
2025-07-12,Barchart.com,Don Dawson,Gold's Bull Run: Seasonal Strength Meets Conflicting COT Report—Are You In?,"Gold's all-time high $3,509.9! Central banks bought big, but the COT report waves a red flag. Seasonal gains await—Market players, read or regret!",https://www.barchart.com/story/news/33371372/gold-s-bull-run-seasonal-strength-meets-conflicting-cot-reportare-you-in,2025-07-12T19:47:20Z,"Shinny gold bullion by Million Photos via Shutterstock
Gold market bulls have been riding an intense wave since the 2022 lows, when prices began trending towards the $2,000 per ounce level and final… [+9957 chars]"
2025-07-12,Bleeding Cool News,Brad McMahon,Adam Cole Injury Prompts Last Minute Change to AEW All-In: Texas Card,"All Elite Wrestling (AEW) announced an unprecedented modification to its premier pay-per-view extravaganza mere moments before the commencement of All In: Texas, as company president and chief executive officer Tony Khan announced the vacation of the TNT Cham…",https://bleedingcool.com/tv/adam-cole-injury-prompts-last-minute-change-to-aew-all-in-texas-card/,2025-07-12T19:45:04Z,"Posted in: AEW, Sports, TV | Tagged: adam cole, AEW All In, AEW All In: Texas, wrestling
AEW CEO Tony Khan announced Adam Cole vacated the TNT Championship due to injury minutes before All In: Texas… [+4555 chars]"
2025-07-12,Breaking NEWS in KENYA for Today Right Now & Kenyan News | TUKO,Patricia Tonui,Vicky Brilliance Leaks KSh 128k Fan Sent Her after Baringo Woman Rep Failed to Pay Her,Kalenjin musician Vicky Brilliance claimed that Baringo Woman Rep Florence Jematia failed to pay her. The musician received KSh 128.172 from a fan.,https://www.tuko.co.ke/entertainment/celebrities/595942-vicky-brilliance-leaks-ksh-128k-fan-baringo-woman-rep-failed-pay-her/,2025-07-12T19:44:49Z,"<ul><li>Vicky Brilliance has leaked KSh 128,172 she received from a fan after her drama with Baringo Woman Rep Florence Jematia</li><li>Jematia's team reportedly failed to pay the musician Brilliance… [+3182 chars]"
2025-07-12,Independent.ie,Damian Stack,‘Tyrone were the better team in first 15 minutes’ – Jack O’Connor hails Kerry’s performance after slow start,"No drama this time, no shock and awe either, even if the third quarter was yet again something of a masterclass from the green and gold. No, this one instead felt more like moving through the gears.",https://www.independent.ie/sport/gaelic-games/gaelic-football/tyrone-were-the-better-team-in-first-15-minutes-jack-oconnor-hails-kerrys-performance-after-slow-start/a1445154690.html,2025-07-12T19:43:07Z,"No drama this time, no shock and awe either, even if the third quarter was yet again something of a masterclass from the green and gold. No, this one instead felt more like moving through the gears.… [+237 chars]"
2025-07-12,Blogdoandroid.com,admin,"Choosing the Right Cable for Your TV, Internet, or CCTV Setup","The secret behind any smart home is cables. They transfer signals between one place and another, ensuring that everything is…
The post Choosing the Right Cable for Your TV, Internet, or CCTV Setup  appeared first on Blog do Android.",https://blogdoandroid.com/choosing-the-right-cable-for-your-tv-internet-or-cctv-setup/,2025-07-12T19:39:36Z,"The secret behind any smart home is cables. They transfer signals between one place and another, ensuring that everything is functioning properly. Using improper or low-quality cables may cause buffe… [+2876 chars]"
2025-07-12,Fox News,Paulina Dedaj,Tennis great Venus Williams accepts DC Open wild card invitation for first tournament in over a year,Venus Williams will make her return later this month after accepting a wild card invitation to compete in the DC Open beginning next Saturday.,https://www.foxnews.com/sports/tennis-great-venus-williams-accepts-dc-open-wild-card-invitation-first-tournament-over-year,2025-07-12T19:38:55Z,"Venus Williams will be back on the tennis
 courts once again after last competing over a year ago. 
The seven-time Grand Slam champion accepted a wild card invitation to compete at the DC Open
 la… [+1510 chars]"
2025-07-12,New Zealand Herald,Rishika Sharma,Inside the Grand Egyptian Museum: A billion-dollar bridge between past and future,Think Egypt is a place frozen in history? Think again.,https://www.nzherald.co.nz/travel/inside-the-grand-egyptian-museum-a-1-billion-bridge-between-past-and-future/OTYE6FWWA5BPNEA5SSZASRGQRU/,2025-07-12T19:36:00Z,"GEM will hold more than 100,000 artefacts across 12 galleries when fully open, spanning 5000 years of history across the prehistoric period to the Greco-Roman from the perspective of three thematic p… [+4476 chars]"
2025-07-12,WWD,Maggie Clancy,Joey King Puts a Breezy Summer Twist on Wimbledon Style in Ralph Lauren’s Braided Barely There Sandals,Joey King kept it summer casual in Ralph Lauren’s Alexandrea sandals with braided straps and tassels to the Wimbledon Women’s Final on Saturday.,http://wwd.com/footwear-news/shoe-trends/joey-king-ralph-lauren-sandals-wimbledon-2025-1237979100/,2025-07-12T19:31:24Z,"Joey King attended the Women’s Singles Final at Wimbledon on Saturday in a full Ralph Lauren look, anchored by the brand’s Alexandrea Burnished Sandal in RL Gold. The handcrafted heel, made in Italy … [+2172 chars]"
2025-07-12,Bitcoinist,Christian Encila,Proof Of Power: Bitcoin Dwarfs S&P 500 With Nearly 100% Edge Since 2012—Data,"Bitcoin is flexing its muscle. The S&P 500 Index closed at 6,280 on July 10, 2025, marking a 6% year‑to‑date gain in dollar terms. The benchmark even set fresh records this week. Yet priced in Bitcoin, that same index sits about 15% lower so far this year. Th…",https://bitcoinist.com/proof-of-power-bitcoin-dwarfs-sp-500-with-nearly-100-edge-since-2012-data/,2025-07-12T19:30:09Z,"Bitcoin is flexing its muscle. The S&amp;P500 Index closed at 6,280 on July10, 2025, marking a 6% yeartodate gain in dollar terms. The benchmark even set fresh records this week. Yet priced in Bitcoi… [+2926 chars]"
2025-07-12,Sporting News,Graham Baakko,Cardinals predicted to replace Masyn Winn for star high school prospect,The Cardinals have an early draft pick that could go many ways.,https://www.sportingnews.com/us/mlb/st-louis-cardinals/news/cardinals-predicted-replace-masyn-winn-high-school-prospect/7af67afdfbcd2057fe4cc2b5,2025-07-12T19:18:35Z,"It is the eve of the 2025 MLB Draft. As the season hits the All-Star break, front offices across the league are figuring out who the next star of their organization will be. 
The St. Louis Cardinals… [+1338 chars]"
2025-07-12,The Irish Times,Gordon Manning,David Clifford’s 1-9 sees Kerry into All-Ireland final with room to spare over Tyrone,Kingdom put game to bed thanks to eight unanswered points in 20-minute period of second half,https://www.irishtimes.com/sport/gaelic-games/2025/07/12/david-cliffords-1-9-sees-kerry-into-all-ireland-final-with-room-to-spare-over-tyrone/,2025-07-12T19:15:16Z,"All-Ireland SFC semi-final: Kerry 1-20 Tyrone 0-17
On the hottest day of the year, Kerry got the job done long before the final whistle to qualify for a third All-Ireland SFC final in four years.
T… [+6695 chars]"
2025-07-12,Freerepublic.com,Gata,"Gold revaluation shouldn't surprise, since it's an old story",Lately there has been a big increase in speculation about an official revaluation of gold. At YouTube this week Rebel Capitalist's George Gammon seemed surprised by the possibility as he called attention to financial letter writer Luke Gromen's recent report …,https://freerepublic.com/focus/f-news/4328334/posts,2025-07-12T19:05:26Z,"Skip to comments.
Gold revaluation shouldn't surprise, since it's an old storyGata ^
 | 12 July 25
 | Chris Powell
Posted on 07/12/2025 12:05:26 PM PDT by delta7
Lately there has been a big incr… [+7368 chars]"
2025-07-12,Bringatrailer.com,bringatrailer,1995 Subaru Impreza WRX STi Version II at No Reserve,"This 1995 Subaru Impreza WRX STi Version II is a Japanese-market sedan that was imported to the US in 2021 and was acquired by the seller following a previous listing on BaT in February 2022. Finished in white over a two-tone gray interior, the car is powered…",https://bringatrailer.com/listing/1995-subaru-impreza-wrx-sti-2/,2025-07-12T19:05:02Z,This 1995 Subaru Impreza WRX STi Version II is a Japanese-market sedan that was imported to the US in 2021 and was acquired by the seller following a previous listing on BaT in February 2022. Finishe… [+2412 chars]
2025-07-12,Yahoo Entertainment,Adrian Volenik,Dave Ramsey Caller Says Her 80-Year-Old Mother-In-Law Is A Serial Cheater Who's Given Away Almost $1M To Internet Scammers,"A woman who called into “The Ramsey Show” recently shared a shocking story about her in-laws, saying her 80-something-year-old mother-in-law had drained...",https://finance.yahoo.com/news/dave-ramsey-caller-says-her-190142934.html,2025-07-12T19:01:42Z,"A woman who called into The Ramsey Show recently shared a shocking story about her in-laws, saying her 80-something-year-old mother-in-law had drained nearly $750,000 from a retirement account and gi… [+3708 chars]"
2025-07-12,TheJournal.ie,Caitríona Daly,"Office life in theatre: 'There's no canteen, but you can't eat at your desk, either'","Caitríona Daly’s new play recalls her life as a receptionist, following the many rules in the corporate world.",https://www.thejournal.ie/readme/theatre-abbey-6758831-Jul2025/,2025-07-12T19:00:45Z,"SO, ITS A pyramid? I say to the HR manager who has tried to explain the managerial structure of the organisation I have just started working for.
No, she says. Its not a pyramid. It just looks like … [+4798 chars]"
2025-07-12,wwe.com,"""WWE.com Staff""","NXT Great American Bash results: July 12, 2025","Je’Von Evans def. Jasper Troy Jasper Troy has been on a meteoric rise ever since stepping into the ring on LFG, but Je’Von Evans reminded him there are levels to this game. Troy looked to bully his way through the match early on, but Evans would put his aeria…",http://www.wwe.com/shows/nxtple/article/nxt-great-american-bash-results-july-12-2025,2025-07-12T19:00:00Z,"JeVon Evans def. Jasper Troy
Jasper Troy has been on a meteoric rise ever since stepping into the ring on LFG, but JeVon Evans reminded him there are levels to this game. Troy looked to bully his wa… [+3113 chars]"
2025-07-12,McCovey Chronicles,Bryan Murphy,A very dumb battle of Wills,Will Clark vs. Will Flemming in the Oh Please Shutup Bowl 2025.,https://www.mccoveychronicles.com/2025/7/12/24457435/dumb-battle-of-wills-san-francisco-giants-boston-red-sox-rafael-devers-will-clark-will-flemming,2025-07-12T19:00:00Z,"D. Ross Cameron-Imagn Images

 

 Will Clark vs. Will Flemming in the Oh Please Shutup Bowl 2025. San Francisco Giants legend Will Clark and legendary jerkwads the Boston Red Sox have been entangled… [+14306 chars]"
2025-07-12,MMA Fighting,Guilherme Cruz,Eduarda Moura believes teammate Jailton Almeida submits Tom Aspinall to win UFC gold,Eduarda Moura lands in Tennessee to fight one-time flyweight title challenger Lauren Murphy at UFC Nashville.,https://www.mmafighting.com/2025/7/12/24463948/eduarda-moura-jailton-almeida-submits-tom-aspinall-ufc-gold-nashville-lauren-murphy,2025-07-12T19:00:00Z,"Jailton Almeida walked through Serghei Spivac at UFC 311 | Photo by Hans Gutknecht, Los Angeles Daily News/SCNG

 

 A professional fighter for only three years and already competing under the brigh… [+3850 chars]"
2025-07-12,Marca,marca.com,Serena Williams receives special message from sister Venus after tennis icon recognized with rare award,"Serena Williams&apos; influence on sport and culture has been immortalized with her entry into the U.S. Olympic & Paralympic Hall of Fame Class of 2025, the formal induction earnin",https://www.marca.com/en/tennis/2025/07/12/6872aeb2268e3e6c4e8b45b9.html,2025-07-12T18:55:20Z,"Serena Williams' influence on sport and culture has been immortalized with her entry into the U.S. Olympic &amp; Paralympic Hall of Fame Class of 2025, the formal induction earning the praise of Venu… [+2874 chars]"
2025-07-12,Sporting News,Matt Sullivan,MLB writer urges Padres to land outfield bat with 'pop' at trade deadline,An MLB writer urged the San Diego Padres to land an outfield bat with 'pop' at the trade deadline.,https://www.sportingnews.com/us/mlb/san-diego-padres/news/mlb-writer-urges-padres-land-outfield-bat-pop-trade-deadline/ab0018f63e02bd76afd3a731,2025-07-12T18:52:12Z,"With the MLB trade deadline on the horizon, the San Diego Padres know exactly what they will target. Between the huge holes in left field and at catcher, the Padres' trade deadline targets are clear.… [+2205 chars]"
2025-07-12,CNA,,"Hot weather, cool tempers as Germans and Swedes meet at Women's Euros","ZURICH :Cold beer flowed from taps on a hot afternoon while German and Swedish fans sang tribal songs ahead of their final Women's Euros group game in Zurich on Saturday, but there was no sign of the kind of alcohol-fuelled violence that has besmirched so man…",https://www.channelnewsasia.com/sport/hot-weather-cool-tempers-germans-and-swedes-meet-womens-euros-5235421,2025-07-12T18:43:10Z,"ZURICH :Cold beer flowed from taps on a hot afternoon while German and Swedish fans sang tribal songs ahead of their final Women's Euros group game in Zurich on Saturday, but there was no sign of the… [+3067 chars]"
2025-07-12,Freerepublic.com,The Sacred Page Blog,[Catholic Caucus] The Sacred Page: Won't You Be My Neighbor? Readings for the Fifteenth Sunday of Ordinary Time,"By Dr. John BergsmaFred Rogers used to sing at the opening of his classic children’s show: It's a beautiful day in this neighborhood A beautiful day for a neighbor Would you be mine? Could you be mine? … Won't you be my neighbor? Won't you please, won't you p…",https://freerepublic.com/focus/f-religion/4328329/posts,2025-07-12T18:40:32Z,"Skip to comments.
[Catholic Caucus] The Sacred Page: Won't You Be My Neighbor? Readings for the Fifteenth Sunday of Ordinary Time
The Sacred Page Blog ^
 | July 08, 2019
 | Dr. John Bergsma
Post… [+21684 chars]"
2025-07-12,The Times of India,The Times Of India,4 held for theft of baseband units from mobile towers to extract gold in Panvel,Navi Mumbai: The Navi Mumbai crime branch central unit team have arrested a four-member gang for theft of Reliance Jio telecom company's 5G Baseband's.,https://timesofindia.indiatimes.com/city/mumbai/4-held-for-theft-of-baseband-units-from-mobile-towers-to-extract-gold-in-panvel/articleshow/122410057.cms,2025-07-12T18:34:43Z,9 health benefits of having a bowl of Torai
2025-07-12,Goodfellastech.com,Andrew Buccellato,How to Build a Content Marketing Funnel That Converts,Learn how to create a content marketing funnel that actually drives leads and sales. This guide breaks down each stage with actionable steps and real small business examples.,https://www.goodfellastech.com/blog/how-to-build-a-content-marketing-funnel-that-actually-converts,2025-07-12T18:30:27Z,"If your content feels like its going nowhere, youre not alone. Most small businesses pump out blog posts or social media updates with no clear directionand no results to show for it. According to Sem… [+16867 chars]"
2025-07-12,Notebookcheck.net,Deirdre O'Donnell,Honor X70: Future Android battery-life leader backed to deliver solid build quality,"Honor asserts that the X70 will become a new class-leader in terms of Android smartphone battery life on its imminent debut. The device is also backed to beat even the highest-end handsets in terms of official durability ratings. Then again, it is also still …",https://www.notebookcheck.net/Honor-X70-Future-Android-battery-life-leader-backed-to-deliver-solid-build-quality.1057045.0.html,2025-07-12T18:23:00Z,"Honor has just confirmed that it will unleash the Android smartphone market's biggest battery yet in just a few days from today (July 12, 2025).
It will be available in the X70, the design of which … [+834 chars]"
2025-07-12,BBC News,Katie Stafford,GB's Shriever clinches European BMX gold in Latvia,"Great Britain's Beth Shriever wins gold at the BMX Racing European Championships in Valmeira, Latvia.",https://www.bbc.com/sport/cycling/articles/c78nljnydjno,2025-07-12T18:21:16Z,"Great Britain's Beth Shriever won gold at the BMX Racing European Championships in Valmiera, Latvia.
Shriever, 26, claimed her first championship podium of the season with a time of 35.275 seconds, … [+547 chars]"
2025-07-12,BleepingComputer,Jefferson233,Welcome to the world of Hacker Domination,"Welcome to the world of Hacker Domination - posted in Introductions: Hello Everyone, I have been cruising these forums for quite some time now, and I consistently see threads in which someone is experiencing what they believe is a Virus/Malware infection, but…",https://www.bleepingcomputer.com/forums/t/809504/welcome-to-the-world-of-hacker-domination/,2025-07-12T18:20:04Z,"Hello Everyone, I have been cruising these forums for quite some time now, and I consistently see threads in which someone is experiencing what they believe is a Virus/Malware infection, but the sign… [+5122 chars]"
2025-07-12,Bleeding Cool News,El Presidente,ROH Supercard of Honor Review: A Triumph for Collective Action,"Greetings, comrades! It is I, your El Presidente, reporting to you live from my secret bunker beneath the Esports Stadium Arlington, where I have been monitoring American wrestling activities for signs of capitalist propaganda! Last night's ROH Supercard of H…",https://bleedingcool.com/tv/roh-supercard-of-honor-review-a-triumph-for-collective-action/,2025-07-12T18:07:03Z,"Posted in: AEW, Sports, TV | Tagged: ROH Supercard of Honor, wrestling
El Presidente reviews ROH Supercard of Honor 2025 from his secret bunker. Shirakawa wins gold, Bandido retains, Athena still re… [+5222 chars]"
2025-07-12,allears.net,David Goodkind,5 Mistakes Rookies Always Make on Disney Cruises,"Don't make these mistakes when sailing with Disney!
The post 5 Mistakes Rookies Always Make on Disney Cruises appeared first on AllEars.Net.",https://allears.net/2025/07/12/5-mistakes-rookies-always-make-on-disney-cruises/,2025-07-12T18:00:27Z,"Making mistakes is natural when vacationing aboard the Disney Cruise Line, but we’re here to help you have a smooth sailing experience!
Disney Treasure
If it’s your first time cruising with the Dis… [+5797 chars]"
2025-07-12,Forbes,"Tony East, Contributor, 
 Tony East, Contributor
 https://www.forbes.com/sites/tonyeast/","Quenton Jackson Inks Two-Way Deal With Pacers, Immediately Shows Value","The Indiana Pacers signed Quenton Jackson to a two-way contract this week, and he instantly showed his value in summer league play.",https://www.forbes.com/sites/tonyeast/2025/07/12/quenton-jackson-inks-two-way-deal-with-pacers-immediately-shows-value/,2025-07-12T17:59:46Z,"BOSTON, MASSACHUSETTS - DECEMBER 27: Quenton Jackson #29 of the Indiana Pacers dribbles against the ... More Boston Celtics during the second half at TD Garden on December 27, 2024 in Boston, Massach… [+6762 chars]"
2025-07-12,Trendhunter.com,Kalin Ned,Summer-Ready Collaborative Whisky Kits - The Chivas x Goya Summer Starter Pack is Refreshing (TrendHunter.com),(TrendHunter.com) The Chivas x Goya Tropical Summer Starter Pack is a limited-edition offering that is perfect for the warmer months. The set brings together Chivas's 12-Year-Old Whisky and Goya’s Pineapple Juice...,https://www.trendhunter.com/trends/chivas-x-goya,2025-07-12T17:47:05Z,The Chivas x Goya Tropical Summer Starter Pack is a limited-edition offering that is perfect for the warmer months. The set brings together Chivas's 12-Year-Old Whisky and Goyas Pineapple Juice and C… [+924 chars]
2025-07-12,Bringatrailer.com,bringatrailer,21-Years-Owned 1968 Chevrolet Camaro Coupe 327/275 4-Speed Conversion,"This 1968 Chevrolet Camaro was initially delivered to Dailey Chevrolet in San Leandro, California, and was acquired by the seller in 2004. Subsequent work involved installing a four-speed manual transmission and a 3.55 Positraction differential. Power is prov…",https://bringatrailer.com/listing/1968-chevrolet-camaro-333/,2025-07-12T17:45:05Z,"This 1968 Chevrolet Camaro was initially delivered to Dailey Chevrolet in San Leandro, California, and was acquired by the seller in 2004. Subsequent work involved installing a four-speed manual tran… [+2652 chars]"
2025-07-12,Biztoc.com,investorplace.com,Rare Earth Metals and the Next High-Earning Big Tech Bottleneck,"Back in 1848, in Northern California, a worker helping to construct Sutter’s Mill made the discovery of a lifetime: There was gold in them there hills.
The news excited folks all around the country – and beyond – sparking a rapid mass migration to the America…",https://biztoc.com/x/bfe61eb2e3a3a7f1,2025-07-12T17:36:20Z,"Back in 1848, in Northern California, a worker helping to construct Sutters Mill made the discovery of a lifetime: There was gold in them there hills.The news excited folks all around the country and… [+146 chars]"
2025-07-12,KicksOnFire.com,Kicksonfire,Puma V-s1 Metallic Gold / Black,"The Puma V-S1 Metallic Gold / Black is a striking release that showcases Puma’s commitment to both performance and eye-catching design. Its metallic gold upper exudes a sense of luxury and flair, making it a standout choice for those who want their footwear t…",https://www.kicksonfire.com/puma-v-s1-metallic-gold-black,2025-07-12T17:33:40Z,"The Puma V-S1 Metallic Gold / Black is a striking release that showcases Pumas commitment to both performance and eye-catching design. Its metallic gold upper exudes a sense of luxury and flair, maki… [+884 chars]"
2025-07-12,Sporting News,Mike DeCourcy,"Club World Cup has critics putting heat on North America as World Cup host, but they should cool it","Because of the weather for several games, Chelsea head coach Enzo Maresca and midfielder Enzo Fernandez have criticized the U.S. as host for the FIFA Club World Cup. With the world's biggest sporting event coming to North America in a year, their words could …",https://www.sportingnews.com/us/soccer/news/club-world-cup-critics-heat-north-america-world-cup-hosts-cool/149aa06d510807679a6dc89e,2025-07-12T17:33:14Z,It is forecast to be 85 degrees and sunny at kickoff Sunday for the FIFA Club World Cup final between dominant Paris Saint-Germain and an ascendant Chelsea squad that will spend the hours in advance … [+7341 chars]
2025-07-12,allears.net,Jaden Green,SUPER SNACK NEWS: Disney Just Dropped News About an Exclusive Beignet Discount,"A new D23 Gold Member discount is giving fans discounts on beignets!
The post SUPER SNACK NEWS: Disney Just Dropped News About an Exclusive Beignet Discount appeared first on AllEars.Net.",https://allears.net/2025/07/12/super-snack-news-disney-just-dropped-news-about-an-exclusive-beignet-discount/,2025-07-12T17:30:33Z,"If there’s one thing we can all agree on, it’s that we love to save money at Disney parks! Those parks aren’t cheap, people.
Downtown Disney
There are different ways to save money when visiting Dis… [+2406 chars]"
2025-07-12,Marca,marca.com,Shohei Ohtani should not continue pitching for the Dodgers: his future may be at stake according to a legendary coach,"Shohei Ohtani&apos;s brilliant career as a pitcher and hitter, which has cemented him as one of the most unique talents in baseball history, could be at a crossroads. A legendary p",https://www.marca.com/en/mlb/los-angeles-dodgers/2025/07/12/68729a43268e3ed14c8b45a3.html,2025-07-12T17:30:27Z,"Shohei Ohtani's brilliant career as a pitcher and hitter, which has cemented him as one of the most unique talents in baseball history, could be at a crossroads. A legendary pitching expert has issue… [+1785 chars]"
2025-07-12,Screen Rant,Adam Bentz,Russell Crowe's Next Movie Gives Him His First Realistic Oscars Contender In 13 Years,Academy Award-winner Russell Crowe's upcoming movie could finally give him his chance at a realistic Oscar contender in more than a decade.,https://screenrant.com/russell-crowe-nuremberg-movie-oscars-awards-contender/,2025-07-12T17:30:19Z,"Russell Crowe's next movie could give him his first realistic Oscar contender in 13 years. During the early 2000s, Crowe received Oscar nominations for Best Actor three consecutive years for The Insi… [+3059 chars]"
2025-07-12,Worldsoccertalk.com,Dante Gonzalez,Inter Miami vs. Nashville SC: Projected lineups for Lionel Messi’s return to Chase Stadium in MLS,"With Lionel Messi marking his return to the Chase Stadium, Inter Miami and Nashville SC are clashing for a thrilling game for the top positions of the MLS.
 Inter Miami and Nashville SC square off Saturday in a high-stakes Eastern Conference clash in Major Le…",https://worldsoccertalk.com/news/inter-miami-vs-nashville-sc-projected-lineups-for-lionel-messis-return-to-chase-stadium-in-mls/,2025-07-12T17:28:57Z,Inter Miami and Nashville SC square off Saturday in a high-stakes Eastern Conference clash in Major League Soccer. With Lionel Messi and company returning to Chase Stadium for the first time since la… [+1975 chars]
2025-07-12,KicksOnFire.com,Kicksonfire,Nike Reactx Rejuven8 Gs Rose Gold,"The Nike Reactx Rejuven8 GS Rose Gold is an eye-catching addition to Nike's performance footwear lineup for younger athletes. Designed specifically for grade school sizing, this sneaker stands out with its elegant rose gold accents that bring a touch of sophi…",https://www.kicksonfire.com/nike-reactx-rejuven8-gs-rose-gold,2025-07-12T17:27:28Z,"The Nike Reactx Rejuven8 GS Rose Gold is an eye-catching addition to Nike's performance footwear lineup for younger athletes. Designed specifically for grade school sizing, this sneaker stands out wi… [+1049 chars]"
2025-07-12,Forbes,"Gerui Wang, Contributor, 
 Gerui Wang, Contributor
 https://www.forbes.com/sites/geruiwang/",Meta And OpenAI’s Talent Wars: How AI Mints Elites But Displaces Others,"As tech giants compete for talents, the AI gold rush displaces programmers and software engineers whose jobs were once envied. Employees and students need to upskill.",https://www.forbes.com/sites/geruiwang/2025/07/12/meta-and-openais-talent-wars-how-ai-mints-elites-but-displaces-others/,2025-07-12T17:24:55Z,"The Meta AI logo is displayed on a mobile phone with the Meta logo visible on a tablet in this photo ... More illustration in Brussels, Belgium, on January 26, 2025. (Photo by Jonathan Raa/NurPhoto v… [+5306 chars]"
2025-07-12,Bleeding Cool News,Tyler Roberts,Azrael Batman is Back with New McFarlane Toys Knightquest Figure,"Azrael Batman emerged during the DC Comics Knightfall saga when Bruce Wayne was taken out by the infamous Bane. Bruce Wayne entrusted the mantle of the Bat to Jean-Paul Valley, also known as Azrael. However, Valley was involved with the secret Order of St. Du…",https://bleedingcool.com/collectibles/azrael-batman-is-back-with-new-mcfarlane-toys-knightquest-figure/,2025-07-12T17:22:03Z,"Posted in: Collectibles, McFarlane Toys | Tagged: dc comics, McFarlane Toys
A Crisis on Infinite Earths is upon the DC Multiverse, but McFarlane Toys is still summoning new heroes to your collection… [+2607 chars]"
2025-07-12,GlobeNewswire,OPTO Miner,"OPTO Miner launches new mobile app, allowing everyone to mine Bitcoin and Dogecoin for free",OPTO Miner launches new mobile app to make cloud mining accessible to everyone OPTO Miner launches new mobile app to make cloud mining accessible to everyone,https://www.globenewswire.com/news-release/2025/07/12/3114376/0/en/OPTO-Miner-launches-new-mobile-app-allowing-everyone-to-mine-Bitcoin-and-Dogecoin-for-free.html,2025-07-12T17:22:00Z,"Aberdeen, United Kingdom, July 12, 2025 (GLOBE NEWSWIRE) -- OPTO Miner, a UK-based cloud mining platform, has recently launched a new mobile app designed for users who want to participate in cryptocu… [+5155 chars]"
2025-07-12,Independent.ie,Brian Keogh,Leona Maguire just four behind in major quest at Evian Championship,Leona Maguire rallied with two birdies in her last five holes to lie just four shots off the lead heading into the final round of the Amundi Evian Championship in France.,https://www.independent.ie/sport/golf/leona-maguire-just-four-behind-in-major-quest-at-evian-championship/a259796662.html,2025-07-12T17:14:51Z,Leona Maguire rallied with two birdies in her last five holes to lie just four shots off the lead heading into the final round of the Amundi Evian Championship in France.The Co Cavan star (30) added … [+3628 chars]
2025-07-12,Biztoc.com,coindesk.com,"Another BTC Mining Firm Moves Into Ethereum Reserve, Hailing ETH as ‘Digital Gold’","Bitcoin mining firm, BTC Digital (BTCT), has moved $1 million of company cash into ether (ETH), which it called its new “digital gold.”
BTCT Moved $1M Into Ethereum Reserve, chief executive officer Siguang Peng said in a press release, adding that Ethereum ha…",https://biztoc.com/x/0f3a341a6b843345,2025-07-12T17:13:57Z,"Bitcoin mining firm, BTC Digital (BTCT), has moved $1 million of company cash into ether (ETH), which it called its new digital gold.BTCT Moved $1M Into Ethereum Reserve, chief executive officer Sigu… [+142 chars]"
2025-07-12,KicksOnFire.com,Kicksonfire,Air Jordan 3 Og Bin 23 Team Red / Metallic Gold,"The Air Jordan 3 OG Bin 23 ""Team Red / Metallic Gold"" is a highly coveted and luxurious edition within the esteemed Air Jordan lineup. Released under Jordan Brand’s exclusive Bin 23 Collection, this sneaker stands out with premium craftsmanship and distinctiv…",https://www.kicksonfire.com/air-jordan-3-og-bin-23-team-red-metallic-gold,2025-07-12T17:12:04Z,"The Air Jordan 3 OG Bin 23 ""Team Red / Metallic Gold"" is a highly coveted and luxurious edition within the esteemed Air Jordan lineup. Released under Jordan Brands exclusive Bin 23 Collection, this s… [+1005 chars]"
2025-07-12,Fox Sports,,2025 MLB All-Star Game: Building the Best Braves Lineup,The stars and legends who make up the Braves' all-time lineup. Who makes the cut?,https://www.foxsports.com/stories/mlb/2025-mlb-all-star-game-building-the-best-braves-lineup,2025-07-12T17:10:21Z,"America's Team? Back in the 1990s, it felt like every TV was tuned into an Atlanta Braves game.
But the lore stretches beyond the triple-threat of Glavine, Maddux, and Smotlz. After all, this team i… [+9513 chars]"
2025-07-12,Fox Sports,,2025 MLB All-Star Game: Building the Best Marlins Lineup,The stars and legends who make up the Marlins' all-time lineup. Who makes the cut?,https://www.foxsports.com/stories/mlb/2025-mlb-all-star-game-building-the-best-marlins-lineup,2025-07-12T17:09:24Z,"Its sink or swim for the Marlins. Only four playoff appearances ever, but two have resulted in World Series titles. Fish fans will take that. 
An expansion team in 1993, no Marlin has had his number… [+9731 chars]"
2025-07-12,Fox Sports,,2025 MLB All-Star Game: Building the Best Phillies Lineup,The stars and legends who make up the Phillies' all-time lineup. Who makes the cut?,https://www.foxsports.com/stories/mlb/2025-mlb-all-star-game-building-the-best-phillies-lineup,2025-07-12T17:09:06Z,"The Philadelphia Phillies' baby blue-and-maroon look is among the best in sports.  Might say were Phanatics of it?
This franchise has also left a rich legacy on the diamond, paving the way for today… [+9454 chars]"
2025-07-12,Fox Sports,,2025 MLB All-Star Game: Building the Best Mets Lineup,The stars and legends who make up the Mets' all-time lineup. Who makes the cut?,https://www.foxsports.com/stories/mlb/2025-mlb-all-star-game-building-the-best-mets-lineup,2025-07-12T17:08:53Z,"Daryl. Seaver. Mr. and Mrs. Met? The Mets bring plenty of amazin' star power to the Big Apple. 
Let's not compare resumes with their Bronx neighbors. But New York is a two-team town, and big names l… [+8767 chars]"
2025-07-12,Fox Sports,,2025 MLB All-Star Game: Building the Best Nationals Lineup,The stars and legends who make up the Nationals' all-time lineup. Who makes the cut?,https://www.foxsports.com/stories/mlb/2025-mlb-all-star-game-building-the-best-nationals-lineup,2025-07-12T17:08:45Z,"One franchise, two countries. The Nationals story can only be told through its Montreal Expos roots.
Whether its in D.C. or in Montreal, this squad has always had headliners. Still, lets file legisl… [+9008 chars]"
2025-07-12,Fox News,Ryan Morik,Jake Paul's partner discusses possibility of signing Katie Taylor after beating MVP's Amanda Serrano again,"Most Valuable Promotions signed a deal with Amanda Serrano in 2021, but after she got swept by Katie Taylor, might MVP have made a mistake in not signing the latter?",https://www.foxnews.com/sports/jake-pauls-partner-discusses-possibility-of-signing-katie-taylor-after-amanda-serrano-sweep,2025-07-12T17:08:45Z,"NEW YORK When Most Valuable Promotions was founded in 2021 by Jake Paul and Nakisa Bidarian, they struck gold in signing Amanda Serrano to a deal, making her the first woman on the brand.
Serrano ha… [+2488 chars]"
2025-07-12,Bringatrailer.com,bringatrailer,565-Mile 1990 Chevrolet Corvette ZR-1,"This 1990 Chevrolet Corvette ZR-1 was purchased new by the current owner, and it has just 565 miles following ownership history in Ontario, Canada. It is powered by a 5.7-liter LT5 V8 paired with a ZF six-speed manual transmission, and it is finished in Arcti…",https://bringatrailer.com/listing/1990-chevrolet-corvette-zr-1-149/,2025-07-12T17:05:12Z,"This 1990 Chevrolet Corvette ZR-1 was purchased new by the current owner, and it has just 565 miles following ownership history in Ontario, Canada. It is powered by a 5.7-liter LT5 V8 paired with a Z… [+2401 chars]"
2025-07-12,Cheezburger.com,"Blake Seidel, Blake Seidel","24 Hissterical Black Cats Being Legendary Little Weirdos, Just in Time for Caturday","We're not supposed to have a favorite kind of cat here at the I Can Has Cheezburger offices…. but we do. We love all cats, but we love black cats the most. They are so sleek and shiny, and they are about as cuddly as you can get from a cat. In fact, our black…",https://cheezburger.com/41415685/24-hissterical-black-cats-being-legendary-little-weirdos-just-in-time-for-caturday,2025-07-12T17:00:00Z,"We're not supposed to have a favorite kind of cat here at the I Can Has Cheezburger offices. but we do. We love all cats, but we love black cats the most. They are so sleek and shiny, and they are ab… [+709 chars]"
2025-07-12,New Zealand Herald,Neil Reid,How Mike Cron used ballet and sumo wrestling to transform the All Blacks,The All Blacks learned to reduce 'turf toe' from the Royal New Zealand Ballet.,https://www.nzherald.co.nz/nz/how-mike-cron-used-ballet-and-sumo-wrestling-to-transform-the-all-blacks/AECX2PY7RNCWHB3ABG7B4V7XSI/,2025-07-12T17:00:00Z,"Cron spent time with both during a period when a variety of All Blacks most notably front rowers were battling a condition dubbed turf toe involving pain at the base of the big toe when bent.
Jumpin… [+7725 chars]"
2025-07-12,Live Science,Puja Changoiwala,How is DNA used to identify victims of mass disasters?,DNA analysis is considered the gold standard for identifying victims of mass fatalities. But how does it work?,https://www.livescience.com/health/genetics/how-is-dna-used-to-identify-victims-of-mass-disasters,2025-07-12T17:00:00Z,"On June 12, 2025, an Air India flight crashed shortly after takeoff
, killing 260 people. The plane was carrying over 33,000 gallons (125,000 liters
) of fuel, leading to a massive fire, and severa… [+5092 chars]"
2025-07-12,Men's Journal,Declan Gallagher,"Archaeolgists Find Largest-Ever Ceremony Hall, Weapons Hoard","Archaeologists in Scotland have discovered the largest Neolithic wood hall ever found in the country alongside a hoard of Bronze Age weaponry, including a...",https://www.mensjournal.com/news/archaoelgists-timber-hall-bronze-hoard-scotland,2025-07-12T17:00:00Z,"Archaeologists in Scotland have discovered the largest Neolithic wood hall ever found in the country alongside a hoard of Bronze Age weaponry, including a gold spearhead, according to a report publis… [+2000 chars]"
2025-07-12,Yahoo Entertainment,,"Another BTC Mining Firm Moves Into Ethereum Reserve, Hailing ETH as ‘Digital Gold’",,https://consent.yahoo.com/v2/collectConsent?sessionId=1_cc-session_412e378f-522d-409f-a794-823a908bd68d,2025-07-12T16:48:14Z,"If you click 'Accept all', we and our partners, including 236 who are part of the IAB Transparency &amp; Consent Framework, will also store and/or access information on a device (in other words, use … [+714 chars]"
2025-07-12,The Times of India,NYT News Service,The 'Trump Pump': How crypto lobbying won over a President,"Donald Trump, once a bitcoin skeptic, has embraced cryptocurrency after receiving pitches from industry executives at Mar-a-Lago. This shift followed a strategic lobbying campaign, including significant financial contributions to Trump's election efforts. Now…",https://economictimes.indiatimes.com/news/international/global-trends/the-trump-pump-how-crypto-lobbying-won-over-a-president/articleshow/122408574.cms,2025-07-12T16:42:57Z,"Just over a year ago at Mar-a-Lago, David Bailey and a group of top bitcoin executives made a pitch to Donald Trump.They were looking for a savior.
For years, cryptocurrency companies had endured a … [+9231 chars]"
